City_ID,City,Country,Date,Lat,Lng,Max Temp,Humidity,Cloudiness,Wind Speed
0,Carnarvon,AU,2021-02-24 16:24:47,-24.8667,113.6333,86.0,48,0,18.41
1,Hobart,AU,2021-02-24 16:24:47,-42.8794,147.3294,57.2,62,100,10.36
2,Olinda,BR,2021-02-24 16:24:47,-8.0089,-34.8553,84.2,65,40,11.5
3,Georgetown,MY,2021-02-24 16:23:49,5.4112,100.3354,84.2,70,20,3.44
4,Mahebourg,MU,2021-02-24 16:24:08,-20.4081,57.7,78.8,73,75,6.91
5,Ushuaia,AR,2021-02-24 16:19:49,-54.8,-68.3,46.4,61,75,40.29
6,Bredasdorp,ZA,2021-02-24 16:24:47,-34.5322,20.0403,75.2,50,40,10.36
7,Sibu,MY,2021-02-24 16:20:18,2.3,111.8167,75.2,94,20,0.98
8,Bluff,NZ,2021-02-24 16:24:48,-46.6,168.3333,51.01,86,78,3.0
9,Todos Santos,MX,2021-02-24 16:24:48,23.45,-110.2167,70.0,63,85,1.99
10,East London,ZA,2021-02-24 16:23:35,-33.0153,27.9116,73.4,64,0,8.05
11,Batsfjord,NO,2021-02-24 16:24:48,70.6345,29.7185,21.2,85,40,40.29
12,Kimberley,ZA,2021-02-24 16:24:48,-28.7323,24.7623,80.6,54,40,3.44
13,Albany,US,2021-02-24 16:20:12,42.6001,-73.9662,44.6,60,75,3.44
14,Atuona,PF,2021-02-24 16:24:48,-9.8,-139.0333,78.71,82,62,14.09
15,Katherine,AU,2021-02-24 16:24:48,-14.4667,132.2667,71.6,88,75,12.66
16,Tsabong,BW,2021-02-24 16:24:49,-26.0217,22.401,77.22,63,49,8.88
17,Yellowknife,CA,2021-02-24 16:24:49,62.456,-114.3525,-16.01,69,40,11.5
18,Cadillac,US,2021-02-24 16:22:03,44.2519,-85.4012,37.4,87,90,11.5
19,Suez,EG,2021-02-24 16:24:49,29.9737,32.5263,63.75,40,0,13.73
20,Tuatapere,NZ,2021-02-24 16:24:49,-46.1333,167.6833,51.01,86,97,3.0
21,Sabang,ID,2021-02-24 16:20:20,5.8933,95.3214,81.48,70,90,3.33
22,Nome,US,2021-02-24 16:21:54,64.5011,-165.4064,15.8,57,90,10.36
23,Butaritari,KI,2021-02-24 16:24:49,3.0707,172.7902,81.21,79,51,17.92
24,Busselton,AU,2021-02-24 16:24:49,-33.65,115.3333,64.99,79,0,1.99
25,Bambous Virieux,MU,2021-02-24 16:24:49,-20.3428,57.7575,78.8,73,75,6.91
26,Lagoa,PT,2021-02-24 16:24:50,39.05,-27.9833,53.71,56,50,6.6
27,Rawlins,US,2021-02-24 16:24:50,41.7911,-107.2387,21.2,53,90,9.6
28,Rikitea,PF,2021-02-24 16:24:50,-23.1203,-134.9692,80.01,75,84,21.27
29,Pevek,RU,2021-02-24 16:24:50,69.7008,170.3133,-20.22,88,100,4.32
30,Puerto Ayora,EC,2021-02-24 16:24:50,-0.7393,-90.3518,84.2,70,20,14.97
31,Vaini,TO,2021-02-24 16:24:50,-21.2,-175.2,75.2,88,20,5.75
32,Kavaratti,IN,2021-02-24 16:24:51,10.5669,72.642,82.71,63,0,3.67
33,Esperance,AU,2021-02-24 16:24:51,-33.8667,121.9,62.6,82,0,13.8
34,Praia Da Vitoria,PT,2021-02-24 16:24:51,38.7333,-27.0667,59.0,58,40,7.11
35,New Norfolk,AU,2021-02-24 16:24:51,-42.7826,147.0587,57.2,62,100,10.36
36,Finspang,SE,2021-02-24 16:24:51,58.7058,15.7674,51.8,81,90,16.11
37,Tara,RU,2021-02-24 16:24:51,56.8944,74.371,-1.16,92,100,12.62
38,Codrington,AU,2021-02-24 16:24:51,-38.2667,141.9667,50.9,84,100,5.88
39,Ilulissat,GL,2021-02-24 16:24:52,69.2167,-51.1,15.8,48,1,2.3
40,Mount Gambier,AU,2021-02-24 16:24:52,-37.8333,140.7667,44.6,93,95,3.44
41,Derzhavinsk,KZ,2021-02-24 16:24:52,51.1,66.3167,-5.12,90,100,18.03
42,Maumere,ID,2021-02-24 16:24:52,-8.6199,122.2111,79.14,80,100,9.98
43,San Juan,AR,2021-02-24 16:24:08,-31.5375,-68.5364,86.29,31,0,5.21
44,Ponta Do Sol,PT,2021-02-24 16:24:52,32.6667,-17.1,62.6,67,40,25.32
45,Sitka,US,2021-02-24 16:24:52,57.0531,-135.33,35.6,80,90,9.22
46,Hilo,US,2021-02-24 16:24:52,19.7297,-155.09,68.0,83,90,4.61
47,Yerbogachen,RU,2021-02-24 16:24:53,61.2767,108.0108,-25.1,86,74,2.66
48,Port Alfred,ZA,2021-02-24 16:24:53,-33.5906,26.891,73.0,85,10,1.99
49,Bethel,US,2021-02-24 16:20:56,41.3712,-73.414,46.4,46,1,8.05
50,Avarua,CK,2021-02-24 16:24:53,-21.2078,-159.775,78.8,89,75,28.77
51,Cape Town,ZA,2021-02-24 16:24:21,-33.9258,18.4232,73.0,60,20,24.16
52,Pokaran,IN,2021-02-24 16:24:53,26.9167,71.9167,76.42,19,0,7.52
53,Bilibino,RU,2021-02-24 16:24:53,68.0546,166.4372,-27.49,82,98,1.81
54,Araraquara,BR,2021-02-24 16:24:53,-21.7944,-48.1756,83.88,61,23,4.61
55,Shimoda,JP,2021-02-24 16:24:54,34.6667,138.95,34.0,73,63,14.79
56,Port Elizabeth,ZA,2021-02-24 16:24:54,-33.918,25.5701,73.4,78,40,10.36
57,Torbay,CA,2021-02-24 16:24:54,47.6666,-52.7314,36.0,93,90,21.85
58,Atambua,ID,2021-02-24 16:21:13,-9.1061,124.8925,74.7,87,99,0.83
59,Jamestown,US,2021-02-24 16:23:38,42.097,-79.2353,44.6,53,1,11.5
60,Kruisfontein,ZA,2021-02-24 16:24:54,-34.0033,24.7314,73.0,75,21,5.01
61,Murray Bridge,AU,2021-02-24 16:24:55,-35.1167,139.2667,53.01,91,17,6.13
62,Dikson,RU,2021-02-24 16:24:55,73.5069,80.5464,-13.41,97,95,10.85
63,Kidal,ML,2021-02-24 16:24:55,18.4411,1.4078,87.17,10,0,0.96
64,Kawalu,ID,2021-02-24 16:24:55,-7.3817,108.2082,71.87,88,100,2.82
65,Tuktoyaktuk,CA,2021-02-24 16:24:55,69.4541,-133.0374,-32.8,68,20,10.36
66,Hermanus,ZA,2021-02-24 16:24:55,-34.4187,19.2345,73.99,58,1,3.0
67,Laguna,US,2021-02-24 16:20:56,38.421,-121.4238,48.99,46,1,8.05
68,Sorong,ID,2021-02-24 16:24:56,-0.8833,131.25,79.09,76,100,1.19
69,Flinders,AU,2021-02-24 16:24:56,-34.5833,150.8552,66.0,90,77,1.01
70,Juba,SS,2021-02-24 16:24:56,4.8517,31.5825,88.95,19,82,4.05
71,Asau,RO,2021-02-24 16:24:56,46.4333,26.4,46.4,81,75,4.61
72,Roros,NO,2021-02-24 16:24:56,62.5747,11.3842,37.4,75,100,9.22
73,Bengkulu,ID,2021-02-24 16:24:57,-3.8004,102.2655,77.14,85,100,9.13
74,Moerai,PF,2021-02-24 16:24:57,-22.4333,-151.3333,80.51,78,100,19.19
75,Norwalk,US,2021-02-24 16:24:57,33.9022,-118.0817,59.0,58,1,2.68
76,Kapaa,US,2021-02-24 16:24:57,22.0752,-159.319,73.4,73,75,20.71
77,Riyadh,SA,2021-02-24 16:22:05,24.6877,46.7219,71.6,35,0,8.05
78,Punta Arenas,CL,2021-02-24 16:24:57,-53.15,-70.9167,53.6,62,40,34.52
79,Gamba,GA,2021-02-24 16:24:58,-2.65,10.0,83.05,73,98,8.52
80,Kodiak,US,2021-02-24 16:24:58,57.79,-152.4072,33.8,86,90,3.44
81,Saint-Pierre,RE,2021-02-24 16:24:58,-21.3393,55.4781,80.6,69,0,16.11
82,Opuwo,NA,2021-02-24 16:24:58,-18.0607,13.84,91.78,16,45,5.77
83,Srednekolymsk,RU,2021-02-24 16:24:58,67.45,153.6833,-33.7,83,39,6.69
84,Sandy Bay,AU,2021-02-24 16:24:59,-42.913,147.3532,57.2,62,100,10.36
85,Barrow,US,2021-02-24 16:24:59,71.2906,-156.7887,-31.0,84,1,9.22
86,Mamakan,RU,2021-02-24 16:24:59,57.8161,114.0028,-8.77,83,96,2.33
87,Arlit,NE,2021-02-24 16:24:59,18.7369,7.3853,86.22,10,0,4.21
88,Le Vauclin,MQ,2021-02-24 16:24:59,14.5452,-60.8388,82.4,65,75,23.02
89,Provideniya,RU,2021-02-24 16:24:59,64.3833,-173.3,0.1,84,100,20.4
90,Leh,IN,2021-02-24 16:25:00,34.1667,77.5833,16.61,75,67,3.89
91,Souillac,MU,2021-02-24 16:25:00,-20.5167,57.5167,78.8,73,75,6.91
92,Victoria,HK,2021-02-24 16:25:00,22.2855,114.1577,69.01,88,55,1.01
93,Nikolskoye,RU,2021-02-24 16:25:00,59.7035,30.7861,26.6,93,90,8.95
94,Mar Del Plata,AR,2021-02-24 16:25:00,-38.0023,-57.5575,71.6,53,0,8.05
95,Bima,ID,2021-02-24 16:25:00,-8.4667,118.7167,76.03,90,100,2.57
96,Port Hardy,CA,2021-02-24 16:25:01,50.6996,-127.4199,37.4,100,75,5.75
97,Vangaindrano,MG,2021-02-24 16:25:01,-23.35,47.6,78.03,84,2,7.25
98,Airai,TL,2021-02-24 16:25:03,-8.9266,125.4092,61.02,100,80,1.99
99,Tasiilaq,GL,2021-02-24 16:25:03,65.6145,-37.6368,30.2,64,75,1.14
100,Cabo San Lucas,MX,2021-02-24 16:24:51,22.8909,-109.9124,73.4,35,1,0.63
101,Winnemucca,US,2021-02-24 16:25:03,40.973,-117.7357,30.2,55,20,10.36
102,Palembang,ID,2021-02-24 16:25:04,-2.9167,104.7458,78.8,89,20,3.44
103,Vitim,RU,2021-02-24 16:25:04,59.4511,112.5578,-5.48,89,100,2.17
104,Pangnirtung,CA,2021-02-24 16:25:04,66.1451,-65.7125,23.0,63,90,2.3
105,Nandyal,IN,2021-02-24 16:25:05,15.4833,78.4833,79.36,47,0,9.1
106,Keetmanshoop,NA,2021-02-24 16:25:05,-26.5833,18.1333,91.4,25,20,9.22
107,Vila Do Maio,CV,2021-02-24 16:25:05,15.1333,-23.2167,80.6,39,0,21.85
108,Bud,US,2021-02-24 16:25:05,39.447,-86.1758,55.99,50,40,14.97
109,La Asuncion,VE,2021-02-24 16:25:06,11.0333,-63.8628,79.21,76,19,17.38
110,Chuy,UY,2021-02-24 16:25:06,-33.6971,-53.4616,77.94,45,0,6.67
111,Isangel,VU,2021-02-24 16:25:06,-19.55,169.2667,80.6,83,20,11.5
112,Yerofey Pavlovich,RU,2021-02-24 16:25:06,53.9667,121.9667,-5.84,98,100,0.51
113,Kavieng,PG,2021-02-24 16:25:06,-2.5744,150.7967,82.0,76,81,11.97
114,Balykshi,KZ,2021-02-24 16:25:07,47.0667,51.8667,-2.2,71,15,20.13
115,Vila Franca Do Campo,PT,2021-02-24 16:25:07,37.7167,-25.4333,57.99,67,75,5.75
116,Huarmey,PE,2021-02-24 16:25:07,-10.0681,-78.1522,76.68,61,92,10.07
117,Edd,ER,2021-02-24 16:25:07,13.9297,41.6925,78.66,75,70,4.94
118,Nyzy,UA,2021-02-24 16:25:08,50.7828,34.7844,21.87,95,100,9.57
119,Khatanga,RU,2021-02-24 16:25:08,71.9667,102.5,-20.45,87,100,9.24
120,Ribeira Grande,PT,2021-02-24 16:25:08,38.5167,-28.7,57.2,58,40,11.5
121,Arona,ES,2021-02-24 16:25:08,28.0996,-16.681,73.0,56,20,27.63
122,Hamilton,US,2021-02-24 16:25:09,39.1834,-84.5333,60.8,39,40,18.41
123,North Platte,US,2021-02-24 16:25:09,41.1239,-100.7654,35.01,69,1,6.76
124,Zabid,YE,2021-02-24 16:25:09,14.1951,43.3152,79.88,70,77,7.47
125,Obo,CF,2021-02-24 16:25:09,5.3998,26.4869,86.7,18,100,5.68
126,Seymchan,RU,2021-02-24 16:25:09,62.8833,152.4333,-30.48,94,32,1.88
127,Blairmore,CA,2021-02-24 16:25:09,49.6,-114.4353,14.0,79,0,4.34
128,Berlevag,NO,2021-02-24 16:25:10,70.8578,29.0864,21.2,68,0,5.75
129,Thompson,CA,2021-02-24 16:25:10,55.7435,-97.8558,-11.2,77,20,5.75
130,Zaysan,KZ,2021-02-24 16:25:10,47.4667,84.8667,26.29,95,99,6.91
131,Longyearbyen,SJ,2021-02-24 16:25:10,78.2186,15.6401,33.8,86,75,2.3
132,Vao,NC,2021-02-24 16:25:10,-22.6667,167.4833,78.91,80,24,19.84
133,Pisco,PE,2021-02-24 16:24:39,-13.7,-76.2167,75.99,73,0,9.22
134,La Ronge,CA,2021-02-24 16:25:11,55.1001,-105.2842,12.2,79,100,4.61
135,Chicama,PE,2021-02-24 16:25:11,-7.8447,-79.1469,69.8,83,0,9.22
136,Maceio,BR,2021-02-24 16:24:42,-9.6658,-35.7353,89.6,55,75,20.71
137,Ancud,CL,2021-02-24 16:25:11,-41.8697,-73.8203,71.6,60,0,9.22
138,Turukhansk,RU,2021-02-24 16:21:15,65.8167,87.9833,-33.99,98,0,1.66
139,Moore,US,2021-02-24 16:22:31,35.3395,-97.4867,53.01,40,1,21.85
140,Port Blair,IN,2021-02-24 16:25:11,11.6667,92.75,77.99,64,22,2.24
141,Yakeshi,CN,2021-02-24 16:25:12,49.2833,120.7333,-8.57,95,54,7.72
142,Necochea,AR,2021-02-24 16:25:12,-38.5473,-58.7368,77.0,35,0,3.0
143,Rocha,UY,2021-02-24 16:25:12,-34.4833,-54.3333,79.97,45,0,9.31
144,Nouakchott,MR,2021-02-24 16:25:12,18.0858,-15.9785,98.6,6,0,4.61
145,Xining,CN,2021-02-24 16:25:12,36.6167,101.7667,37.69,72,100,3.58
146,Praya,CV,2021-02-24 16:25:13,14.9215,-23.5087,80.6,39,0,21.85
147,Mareeba,AU,2021-02-24 16:25:13,-17.0,145.4333,80.6,78,75,8.05
148,Araouane,ML,2021-02-24 16:25:13,18.9048,-3.5265,86.49,12,0,13.44
149,Gornopravdinsk,RU,2021-02-24 16:22:10,60.05,69.9,-21.89,85,43,9.42
150,Yantal,RU,2021-02-24 16:25:13,56.8471,105.2542,-13.88,100,98,1.5
151,Bandarbeyla,SO,2021-02-24 16:25:13,9.4942,50.8122,76.46,69,5,14.76
152,Mangrol,IN,2021-02-24 16:25:14,21.1167,70.1167,74.55,65,0,9.17
153,Saint-Philippe,RE,2021-02-24 16:25:14,-21.3585,55.7679,80.6,69,0,16.11
154,Sobolevo,RU,2021-02-24 16:25:14,54.4299,31.8996,27.37,99,100,5.39
155,Mataura,NZ,2021-02-24 16:25:14,-46.1927,168.8643,51.01,86,97,3.0
156,Barpali,IN,2021-02-24 16:25:14,21.2,83.5833,75.11,20,0,3.94
157,Bonavista,CA,2021-02-24 16:25:14,48.6499,-53.1147,34.0,93,100,8.05
158,Qaanaaq,GL,2021-02-24 16:25:14,77.484,-69.3632,6.35,91,100,4.52
159,Kaitangata,NZ,2021-02-24 16:25:15,-46.2817,169.8464,55.0,81,68,3.0
160,Saskylakh,RU,2021-02-24 16:25:15,71.9167,114.0833,-28.55,82,0,5.82
161,Meadow Lake,US,2021-02-24 16:25:15,34.8014,-106.5436,48.0,31,20,5.75
162,Caravelas,BR,2021-02-24 16:25:15,-17.7125,-39.2481,87.03,56,0,10.49
163,Tiarei,PF,2021-02-24 16:25:15,-17.5333,-149.3333,77.0,83,20,4.61
164,Sangmelima,CM,2021-02-24 16:25:15,2.9333,11.9833,82.72,48,88,3.69
165,Mnogovershinnyy,RU,2021-02-24 16:25:15,53.9353,139.9242,-3.48,93,100,6.55
166,Oranjemund,NA,2021-02-24 16:25:15,-28.55,16.4333,66.72,74,0,22.79
167,Morgan City,US,2021-02-24 16:25:16,29.6994,-91.2068,64.0,88,90,6.31
168,Qena,EG,2021-02-24 16:25:16,26.1615,32.7183,73.4,38,20,13.8
169,Faya,SA,2021-02-24 16:25:16,18.3851,42.4509,60.8,82,20,9.22
170,Fallon,US,2021-02-24 16:25:16,39.4735,-118.7774,24.8,63,1,3.44
171,Saint Anthony,US,2021-02-24 16:25:16,45.0205,-93.218,35.6,69,1,11.5
172,Bairiki,KI,2021-02-24 16:25:17,1.3292,172.9752,80.6,83,20,6.91
173,Republic,US,2021-02-24 16:25:17,37.12,-93.4802,51.8,46,1,12.66
174,Rio Gallegos,AR,2021-02-24 16:21:29,-51.6226,-69.2181,64.4,36,40,46.04
175,Cherskiy,RU,2021-02-24 16:25:17,68.75,161.3,-25.44,86,100,4.92
176,Cockburn Town,TC,2021-02-24 16:25:17,21.4612,-71.1419,80.6,65,40,14.97
177,Ayagoz,KZ,2021-02-24 16:25:17,47.9714,80.4392,24.98,97,100,14.76
178,Lebu,CL,2021-02-24 16:25:18,-37.6167,-73.65,65.48,62,0,17.0
179,Sosnovo-Ozerskoye,RU,2021-02-24 16:25:18,52.5249,111.5418,-9.54,90,12,1.54
180,Grand Gaube,MU,2021-02-24 16:25:18,-20.0064,57.6608,78.01,74,52,4.0
181,Pahrump,US,2021-02-24 16:25:18,36.2083,-115.9839,52.0,20,0,2.17
182,Hithadhoo,MV,2021-02-24 16:22:32,-0.6,73.0833,82.96,77,100,10.11
183,Saldanha,ZA,2021-02-24 16:25:18,-33.0117,17.9442,71.6,56,0,25.32
184,Mackenzie,CA,2021-02-24 16:25:18,55.2999,-123.1698,17.6,79,1,10.36
185,Ambovombe,MG,2021-02-24 16:25:19,-25.1667,46.0833,81.21,72,2,12.37
186,Gorin,RU,2021-02-24 16:25:19,51.1983,136.6669,3.24,94,100,3.33
187,Ulety,RU,2021-02-24 16:25:19,51.3572,112.4849,-1.97,86,89,2.46
188,Caramay,PH,2021-02-24 16:25:19,10.1815,119.236,77.7,85,0,1.79
189,Nyrob,RU,2021-02-24 16:25:19,60.733,56.7202,-14.4,88,13,4.09
190,Yarada,IN,2021-02-24 16:25:19,17.65,83.2667,77.0,78,20,2.3
191,Bokoro,TD,2021-02-24 16:25:19,12.3807,17.0568,93.97,11,0,13.8
192,San Rafael Del Sur,NI,2021-02-24 16:25:20,11.8485,-86.4384,84.2,58,75,23.02
193,Namatanai,PG,2021-02-24 16:25:20,-3.6667,152.4333,78.73,83,100,7.07
194,Palana,RU,2021-02-24 16:25:20,59.1167,159.9667,-13.23,90,1,13.0
195,Fecamp,FR,2021-02-24 16:25:20,49.7579,0.3746,62.6,51,0,11.5
196,Geraldton,AU,2021-02-24 16:25:20,-28.7667,114.6,71.6,88,0,12.66
197,Greeneville,US,2021-02-24 16:21:00,36.1632,-82.831,62.6,27,1,8.05
198,Lozuvatka,UA,2021-02-24 16:25:20,48.0571,33.2858,24.8,68,90,8.95
199,Pecos,US,2021-02-24 16:25:21,31.4229,-103.4932,53.6,32,1,10.36
200,Meulaboh,ID,2021-02-24 16:25:21,4.1363,96.1285,77.58,84,77,4.43
201,Lata,PT,2021-02-24 16:25:21,40.1629,-8.3327,66.99,59,96,3.0
202,Manta,EC,2021-02-24 16:21:21,-0.95,-80.7333,82.4,74,90,4.61
203,Belle Glade,US,2021-02-24 16:25:22,26.6845,-80.6676,78.01,72,10,3.0
204,Nantucket,US,2021-02-24 16:21:34,41.2835,-70.0995,44.6,65,1,14.97
205,Ojinaga,MX,2021-02-24 16:25:22,29.5667,-104.4167,64.99,38,1,1.57
206,Vallenar,CL,2021-02-24 16:25:22,-28.5708,-70.7581,79.34,39,8,8.79
207,Ngaoundere,CM,2021-02-24 16:25:22,7.3167,13.5833,85.91,14,6,10.04
208,Boly,HU,2021-02-24 16:25:23,45.9672,18.5183,59.0,58,0,4.61
209,Margate,GB,2021-02-24 16:21:13,51.3813,1.3862,57.99,72,100,1.99
210,Les Cayes,HT,2021-02-24 16:25:23,18.2,-73.75,80.71,67,28,11.77
211,Hailey,US,2021-02-24 16:25:23,43.5196,-114.3153,19.4,49,75,9.22
212,Sao Jose Da Coroa Grande,BR,2021-02-24 16:25:24,-8.8978,-35.1478,84.58,65,41,11.01
213,Balabac,PH,2021-02-24 16:25:24,7.9868,117.0645,79.27,83,14,7.83
214,Kahului,US,2021-02-24 16:21:32,20.8947,-156.47,71.6,73,20,12.66
215,Lompoc,US,2021-02-24 16:22:46,34.6391,-120.4579,55.99,76,1,4.61
216,Dukat,RU,2021-02-24 16:25:24,62.55,155.55,-29.51,84,99,5.08
217,Luena,AO,2021-02-24 16:25:24,-11.7833,19.9167,73.4,83,40,6.91
218,Ca Mau,VN,2021-02-24 16:20:58,9.1769,105.15,72.95,82,5,2.59
219,Port Keats,AU,2021-02-24 16:25:24,-14.25,129.55,75.99,92,100,11.3
220,Aykhal,RU,2021-02-24 16:25:25,66.0,111.5,-35.19,81,12,4.34
221,Hirara,JP,2021-02-24 16:25:25,24.8,125.2833,71.02,80,91,18.37
222,Bosaso,SO,2021-02-24 16:25:25,11.2842,49.1816,75.6,66,0,6.33
223,Severo-Kurilsk,RU,2021-02-24 16:25:25,50.6789,156.125,23.52,73,100,3.71
224,Zlobin,HR,2021-02-24 16:25:25,45.2924,14.6541,71.6,21,0,2.3
225,Swan Hill,AU,2021-02-24 16:25:25,-35.3378,143.5544,58.1,52,0,7.36
226,Kyaikkami,MM,2021-02-24 16:25:25,16.08,97.5675,79.12,76,59,9.42
227,Gat,IL,2021-02-24 16:25:25,31.61,34.7642,62.01,100,0,7.7
228,Ribeira Do Pombal,BR,2021-02-24 16:25:26,-10.8344,-38.5358,92.14,40,48,6.98
229,Gigmoto,PH,2021-02-24 16:25:26,13.7796,124.39,77.68,82,10,5.73
230,Lavrentiya,RU,2021-02-24 16:25:26,65.5833,-171.0,-11.22,91,36,13.06
231,Tiksi,RU,2021-02-24 16:25:26,71.6872,128.8694,-25.58,94,71,5.44
232,Calabozo,VE,2021-02-24 16:25:26,8.9242,-67.4293,92.89,35,22,11.83
233,Galegos,PT,2021-02-24 16:25:26,41.5627,-8.572,63.0,67,0,12.66
234,Faanui,PF,2021-02-24 16:25:27,-16.4833,-151.75,81.5,69,61,8.41
235,Saint George,US,2021-02-24 16:25:27,37.1041,-113.5841,41.0,38,1,4.61
236,Upernavik,GL,2021-02-24 16:25:27,72.7868,-56.1549,9.23,84,35,5.79
237,Richards Bay,ZA,2021-02-24 16:25:28,-28.783,32.0377,76.89,85,88,5.41
238,Nueva Loja,EC,2021-02-24 16:25:28,0.0847,-76.8828,78.8,83,90,4.61
239,Doha,QA,2021-02-24 16:25:28,25.2867,51.5333,70.0,78,75,8.05
240,Port Lincoln,AU,2021-02-24 16:25:28,-34.7333,135.8667,59.0,72,80,10.85
241,Dingle,PH,2021-02-24 16:25:28,10.9995,122.6711,75.67,86,0,6.33
242,Bahia Honda,CU,2021-02-24 16:25:28,22.9036,-83.1592,80.49,61,65,6.4
243,Ustye,RU,2021-02-24 16:25:29,59.6304,39.736,6.66,94,100,9.15
244,Acapulco,MX,2021-02-24 16:25:29,16.8634,-99.8901,86.0,45,75,3.27
245,Promyshlennaya,RU,2021-02-24 16:25:29,54.9159,85.6385,6.8,85,90,8.95
246,Jork,DE,2021-02-24 16:25:29,53.5333,9.6833,63.0,48,0,9.22
247,Ulaangom,MN,2021-02-24 16:25:29,49.9811,92.0667,0.93,90,97,3.31
248,Skole,UA,2021-02-24 16:25:29,49.0372,23.5135,46.99,65,64,3.94
249,Sorland,NO,2021-02-24 16:25:29,67.667,12.6934,44.6,93,75,26.46
250,Petropavlovsk-Kamchatskiy,RU,2021-02-24 16:25:30,53.0452,158.6483,12.2,62,20,8.95
251,Chilca,PE,2021-02-24 16:25:30,-12.5211,-76.7372,73.99,73,0,6.91
252,Monrovia,LR,2021-02-24 16:25:30,6.3005,-10.7969,87.8,62,75,8.57
253,Dryden,CA,2021-02-24 16:25:20,49.7833,-92.7503,12.2,73,1,5.75
254,Nanortalik,GL,2021-02-24 16:25:30,60.1432,-45.2371,26.96,84,90,1.95
255,Baykit,RU,2021-02-24 16:25:30,61.67,96.37,-23.12,81,30,1.45
256,Matara,LK,2021-02-24 16:25:31,5.9485,80.5353,76.98,87,99,5.28
257,Hami,CN,2021-02-24 16:25:31,42.8,93.45,45.5,52,0,7.47
258,Ahuimanu,US,2021-02-24 16:25:31,21.4447,-157.8378,73.4,73,75,12.66
259,Vestmannaeyjar,IS,2021-02-24 16:25:31,63.4427,-20.2734,41.0,81,40,8.05
260,Luba,GQ,2021-02-24 16:25:31,3.4568,8.5547,86.0,70,20,8.05
261,Imbituba,BR,2021-02-24 16:25:31,-28.24,-48.6703,78.8,78,75,8.05
262,Seoul,KR,2021-02-24 16:23:08,37.5683,126.9778,33.8,59,0,2.3
263,Bubaque,GW,2021-02-24 16:25:32,11.2833,-15.8333,78.58,67,0,13.98
264,Moree,AU,2021-02-24 16:25:32,-29.4667,149.85,71.6,78,40,11.5
265,Tatawin,TN,2021-02-24 16:25:32,32.9297,10.4518,62.6,45,20,11.5
266,Nyurba,RU,2021-02-24 16:25:32,63.2842,118.3319,-22.65,98,92,4.16
267,Boguchany,RU,2021-02-24 16:25:32,58.3814,97.4531,-18.11,84,0,3.89
268,Gobabis,NA,2021-02-24 16:25:32,-22.45,18.9667,81.86,36,99,6.04
269,Khorixas,NA,2021-02-24 16:25:33,-20.3667,14.9667,92.08,14,13,20.69
270,Guerrero Negro,MX,2021-02-24 16:25:33,27.9769,-114.0611,61.83,61,28,8.01
271,Sisimiut,GL,2021-02-24 16:25:33,66.9395,-53.6735,15.55,86,0,7.92
272,Toamasina,MG,2021-02-24 16:25:33,-18.1667,49.3833,78.8,94,75,4.61
273,Naze,JP,2021-02-24 16:25:33,28.3667,129.4833,62.19,75,8,14.7
274,Castro,BR,2021-02-24 16:25:33,-24.7911,-50.0119,75.97,77,11,3.47
275,Kitimat,CA,2021-02-24 16:25:34,54.0524,-128.6534,30.99,95,100,2.1
276,Arraial Do Cabo,BR,2021-02-24 16:25:34,-22.9661,-42.0278,87.8,62,0,9.22
277,Santa Rosalia,MX,2021-02-24 16:25:34,27.3167,-112.2833,68.94,26,35,1.9
278,Ahipara,NZ,2021-02-24 16:25:34,-35.1667,173.1667,62.96,88,61,5.68
279,Gari,RU,2021-02-24 16:25:34,59.4307,62.3497,-18.06,88,48,7.56
280,Marzuq,YE,2021-02-24 16:25:34,14.4,46.4667,67.33,69,0,9.08
281,Safaga,EG,2021-02-24 16:25:34,26.7292,33.9365,71.6,40,40,19.57
282,Alofi,NU,2021-02-24 16:25:35,-19.0595,-169.9187,69.8,100,100,2.3
283,Naron,ES,2021-02-24 16:25:35,43.5167,-8.1528,64.4,45,0,13.8
284,Antofagasta,CL,2021-02-24 16:25:35,-23.65,-70.4,75.99,60,20,12.66
285,Mastic Beach,US,2021-02-24 16:25:35,40.7668,-72.8521,50.0,46,1,9.22
286,Jasper,US,2021-02-24 16:25:35,37.2001,-94.3502,52.0,43,1,16.11
287,Okotoks,CA,2021-02-24 16:25:35,50.7289,-113.9828,19.0,70,0,4.0
288,Sawakin,SD,2021-02-24 16:25:35,19.1059,37.3321,72.32,59,0,15.55
289,Umm Lajj,SA,2021-02-24 16:25:35,25.0213,37.2685,68.95,58,9,15.35
290,Morondava,MG,2021-02-24 16:25:36,-20.2833,44.2833,83.01,73,23,7.85
291,Pimentel,PE,2021-02-24 16:25:36,-6.8367,-79.9342,84.2,48,0,5.75
292,Katsuura,JP,2021-02-24 16:25:36,35.1333,140.3,42.8,39,40,17.27
293,Gaoual,GN,2021-02-24 16:25:36,11.75,-13.2,104.92,7,0,5.82
294,Talas,TR,2021-02-24 16:25:37,38.6908,35.5538,42.8,56,40,3.44
295,Narsaq,GL,2021-02-24 16:25:37,60.9167,-46.05,24.8,50,40,1.41
296,Azare,NG,2021-02-24 16:25:37,11.6765,10.1948,91.31,11,0,8.37
297,Aklavik,CA,2021-02-24 16:25:37,68.2191,-135.0107,-18.4,69,75,3.44
298,Stephenville,US,2021-02-24 16:25:38,32.2207,-98.2023,60.8,33,1,12.66
299,Tshikapa,CD,2021-02-24 16:25:38,-6.4167,20.8,82.76,68,1,3.94
300,Dimapur,IN,2021-02-24 16:25:38,25.9,93.7333,70.11,34,34,2.55
301,Zhengjiatun,CN,2021-02-24 16:25:38,43.5064,123.5064,21.02,74,0,13.67
302,Uribia,CO,2021-02-24 16:25:38,11.7139,-72.266,87.96,52,39,25.88
303,Fort Nelson,CA,2021-02-24 16:25:39,58.8053,-122.7002,5.0,85,20,4.61
304,Pachino,IT,2021-02-24 16:25:39,36.7186,15.0907,62.6,63,0,5.75
305,Raudeberg,NO,2021-02-24 16:25:39,61.9875,5.1352,48.99,83,100,28.95
306,Saint-Augustin,CA,2021-02-24 16:25:39,51.226,-58.6502,27.48,96,84,8.41
307,Fort Smith,US,2021-02-24 16:25:40,35.3859,-94.3986,62.6,59,75,5.75
308,Ponta Delgada,PT,2021-02-24 16:25:40,37.7333,-25.6667,57.99,67,75,5.75
309,Nago,JP,2021-02-24 16:25:40,26.5881,127.9761,69.8,77,40,13.8
310,Komatipoort,ZA,2021-02-24 16:25:40,-25.4332,31.9548,80.01,83,47,6.06
311,Coquimbo,CL,2021-02-24 16:25:40,-29.9533,-71.3436,64.4,72,75,10.36
312,Desaguadero,PE,2021-02-24 16:25:41,-16.5656,-69.0417,55.62,44,40,10.45
313,Nanchang,CN,2021-02-24 16:25:41,28.6833,115.8833,60.66,80,27,3.4
314,Lorengau,PG,2021-02-24 16:25:41,-2.0226,147.2712,79.48,83,100,9.75
315,Bac Lieu,VN,2021-02-24 16:25:42,9.285,105.7244,74.03,81,16,4.54
316,Celestun,MX,2021-02-24 16:25:42,20.8667,-90.4,78.76,70,1,4.83
317,Naryan-Mar,RU,2021-02-24 16:25:42,67.6713,53.087,-0.24,91,100,14.18
318,Olafsvik,IS,2021-02-24 16:25:42,64.8945,-23.7142,37.72,82,94,17.83
319,Komsomolskiy,UZ,2021-02-24 16:25:42,40.4272,71.7189,37.4,75,90,16.11
320,Rajo Khanani,PK,2021-02-24 16:25:42,24.9841,68.8536,72.99,67,0,14.67
321,Hambantota,LK,2021-02-24 16:25:43,6.1241,81.1185,78.8,94,20,4.61
322,Chokurdakh,RU,2021-02-24 16:25:43,70.6333,147.9167,-24.3,87,100,7.14
323,Leningradskiy,RU,2021-02-24 16:25:43,69.3833,178.4167,-15.02,87,100,9.13
324,Beloha,MG,2021-02-24 16:25:43,-25.1667,45.05,82.67,56,56,8.03
325,Salalah,OM,2021-02-24 16:25:43,17.0151,54.0924,77.0,69,0,3.44
326,Kendari,ID,2021-02-24 16:23:10,-3.945,122.4989,76.37,91,99,2.66
327,Cidreira,BR,2021-02-24 16:25:44,-30.1811,-50.2056,76.68,55,1,8.21
328,Luderitz,NA,2021-02-24 16:25:44,-26.6481,15.1594,75.51,48,0,27.58
329,Baguinge,PH,2021-02-24 16:25:44,16.7777,121.1062,69.12,83,42,1.45
330,Wamba,NG,2021-02-24 16:25:45,8.9333,8.6,98.47,10,1,3.65
331,Kilindoni,TZ,2021-02-24 16:25:45,-7.9139,39.6668,81.36,81,28,11.65
332,Negara,ID,2021-02-24 16:25:45,-8.3151,114.6025,77.32,87,100,2.04
333,Tezu,IN,2021-02-24 16:25:46,27.9167,96.1667,68.05,36,2,4.74
334,Tutoia,BR,2021-02-24 16:25:46,-2.7619,-42.2744,86.0,70,75,11.5
335,Ibra,OM,2021-02-24 16:25:46,22.6906,58.5334,73.85,32,1,6.62
336,Iqaluit,CA,2021-02-24 16:25:46,63.7506,-68.5145,21.0,93,90,12.66
337,Kupang,ID,2021-02-24 16:25:46,-10.1667,123.5833,80.1,80,100,11.3
338,Husavik,IS,2021-02-24 16:25:47,66.0449,-17.3389,33.8,93,90,11.5
339,Victor Harbor,AU,2021-02-24 16:25:47,-35.5667,138.6167,55.0,76,66,8.23
340,Duvan,RU,2021-02-24 16:25:47,55.695,57.9024,-7.08,86,71,13.94
341,New Ulm,US,2021-02-24 16:25:48,44.3125,-94.4605,30.0,86,90,12.66
342,Pacific Grove,US,2021-02-24 16:24:00,36.6177,-121.9166,48.99,71,1,5.75
343,Vila,PT,2021-02-24 16:25:48,42.0304,-8.1588,60.01,63,97,8.01
344,Otane,NZ,2021-02-24 16:25:48,-39.8833,176.6333,62.01,85,100,2.37
345,Fukue,JP,2021-02-24 16:25:48,32.6881,128.8419,52.79,74,0,17.13
346,Nioro,GM,2021-02-24 16:25:48,13.35,-15.75,103.12,7,0,9.46
347,Mecca,SA,2021-02-24 16:25:48,21.4267,39.8261,69.15,47,0,17.07
348,Rio Bananal,BR,2021-02-24 16:25:49,-19.265,-40.3333,85.6,65,64,4.9
349,Nishihara,JP,2021-02-24 16:25:49,26.1842,127.7558,69.8,73,20,11.5
350,Puerto Palomas,MX,2021-02-24 16:25:49,31.7667,-107.6167,48.2,23,1,4.61
351,Ostrovnoy,RU,2021-02-24 16:21:11,68.0531,39.5131,6.73,92,33,25.84
352,Boundiali,CI,2021-02-24 16:25:49,9.5217,-6.4869,97.29,9,11,4.85
353,Novikovo,RU,2021-02-24 16:25:49,51.1537,37.8879,12.02,90,100,9.8
354,Santa Isabel Do Rio Negro,BR,2021-02-24 16:25:49,-0.4139,-65.0192,83.5,84,93,5.1
355,Madimba,TZ,2021-02-24 16:25:50,-10.4,40.3333,82.4,78,75,9.22
356,Khasan,RU,2021-02-24 16:25:50,42.4308,130.6434,24.42,93,87,5.19
357,Raga,SS,2021-02-24 16:25:50,8.4596,25.678,89.15,14,15,6.93
358,Vila Velha,BR,2021-02-24 16:25:50,-20.3297,-40.2925,88.0,66,20,14.97
359,Oceanside,US,2021-02-24 16:25:51,33.1959,-117.3795,60.01,61,1,3.44
360,Antalaha,MG,2021-02-24 16:25:51,-14.9003,50.2788,78.37,84,69,4.99
361,Palmer,US,2021-02-24 16:25:51,42.1584,-72.3287,42.8,52,75,10.36
362,Jalu,LY,2021-02-24 16:25:51,29.0331,21.5482,65.01,28,0,8.14
363,Verkhnetulomskiy,RU,2021-02-24 16:25:51,68.6073,31.7962,15.8,79,0,8.95
364,Fortuna,US,2021-02-24 16:25:51,40.5982,-124.1573,42.01,87,40,5.75
365,Kalabo,ZM,2021-02-24 16:25:52,-14.97,22.6814,80.71,63,75,4.7
366,Taoudenni,ML,2021-02-24 16:25:52,22.6783,-3.9836,80.4,15,0,15.95
367,Jermuk,AM,2021-02-24 16:25:52,39.8417,45.6723,12.11,84,7,4.52
368,Half Moon Bay,US,2021-02-24 16:25:52,37.4636,-122.4286,54.0,87,1,9.22
369,Ambunti,PG,2021-02-24 16:25:52,-4.2365,142.8448,73.22,98,100,1.86
370,Cambrai,FR,2021-02-24 16:25:53,50.1667,3.4167,64.4,52,0,11.5
371,Kargasok,RU,2021-02-24 16:25:53,59.0556,80.8572,-15.79,91,66,11.52
372,Soyo,AO,2021-02-24 16:25:53,-6.1349,12.3689,86.0,70,75,9.22
373,Road Town,VG,2021-02-24 16:24:13,18.4167,-64.6167,84.2,54,20,11.5
374,Sterling,US,2021-02-24 16:22:18,39.0062,-77.4286,55.4,40,20,6.91
375,Clyde River,CA,2021-02-24 16:25:53,70.4692,-68.5914,1.4,78,75,16.11
376,Omboue,GA,2021-02-24 16:25:53,-1.5746,9.2618,83.28,70,52,9.4
377,Lowestoft,GB,2021-02-24 16:25:53,52.4752,1.7516,55.99,87,100,8.01
378,Mabaruma,GY,2021-02-24 16:25:54,8.2,-59.7833,84.2,74,40,9.22
379,High Level,CA,2021-02-24 16:25:54,58.5169,-117.136,-7.6,84,90,4.27
380,Doiwala,IN,2021-02-24 16:25:54,30.1833,78.1167,67.3,25,0,5.01
381,Merauke,ID,2021-02-24 16:25:54,-8.4667,140.3333,80.24,81,100,13.24
382,Weymouth,US,2021-02-24 16:25:54,42.2209,-70.9398,46.4,45,0,12.66
383,Sola,VU,2021-02-24 16:25:55,-13.8833,167.55,82.81,78,100,15.7
384,Carlos Chagas,BR,2021-02-24 16:25:55,-17.7031,-40.7664,89.92,50,34,4.05
385,Mount Isa,AU,2021-02-24 16:25:55,-20.7333,139.5,80.6,14,0,10.36
386,Santa Cruz,BO,2021-02-24 16:25:55,-17.8,-63.1667,91.4,55,20,11.5
387,Yulara,AU,2021-02-24 16:25:55,-25.2406,130.9889,71.6,24,0,5.75
388,Tarata,BO,2021-02-24 16:25:55,-17.6167,-66.0167,75.2,33,40,4.61
389,Ushtobe,KZ,2021-02-24 16:25:56,45.2514,77.9838,31.68,97,100,16.06
390,Lakatoro,VU,2021-02-24 16:25:56,-16.0999,167.4164,81.37,80,86,10.69
391,Loandjili,CG,2021-02-24 16:25:57,-4.7561,11.8578,84.2,79,40,13.8
392,Luanda,AO,2021-02-24 16:25:57,-8.8368,13.2343,82.4,69,40,11.5
393,Maningrida,AU,2021-02-24 16:25:57,-12.0667,134.2667,77.9,87,100,5.82
394,Sinnamary,GF,2021-02-24 16:25:57,5.3833,-52.95,79.16,82,97,15.12
395,Jackson,US,2021-02-24 16:25:57,42.4165,-122.8345,36.0,86,1,1.03
396,Santa Quiteria Do Maranhao,BR,2021-02-24 16:25:57,-3.5156,-42.5467,86.58,69,7,5.19
397,Bulawayo,ZW,2021-02-24 16:25:57,-20.15,28.5833,74.1,58,34,7.67
398,Svetlyy,RU,2021-02-24 16:25:57,54.675,20.1347,50.0,76,0,8.95
399,Saint-Joseph,RE,2021-02-24 16:25:57,-21.3667,55.6167,80.6,69,0,16.11
400,Saint-Georges,GD,2021-02-24 16:25:57,12.0564,-61.7485,86.0,62,40,25.32
401,Chardara,KZ,2021-02-24 16:25:58,41.2547,67.9692,29.05,71,100,21.9
402,Fairhope,US,2021-02-24 16:25:58,30.523,-87.9033,66.99,55,1,4.81
403,Dongsheng,CN,2021-02-24 16:25:58,39.8161,109.9776,38.14,67,100,6.15
404,Divnomorskoye,RU,2021-02-24 16:25:58,44.5011,38.1353,27.81,86,100,12.97
405,Muisne,EC,2021-02-24 16:25:59,0.6,-80.0333,82.4,89,75,5.75
406,Karratha,AU,2021-02-24 16:25:59,-20.7377,116.8463,87.01,67,71,2.75
407,Viedma,AR,2021-02-24 16:25:59,-40.8135,-62.9967,86.13,19,0,19.55
408,Santa Maria Da Boa Vista,BR,2021-02-24 16:25:59,-8.8078,-39.8256,89.38,44,48,7.78
409,Minot,US,2021-02-24 16:25:59,48.2325,-101.2963,28.4,74,90,12.66
410,Cuenca,EC,2021-02-24 16:23:33,-2.8833,-78.9833,62.6,63,75,10.36
411,Krasnoarmeysk,RU,2021-02-24 16:25:59,51.0239,45.6969,-10.66,89,43,8.99
412,San Patricio,US,2021-02-24 16:26:00,28.017,-97.5169,73.99,83,90,11.5
413,Lethem,GY,2021-02-24 16:26:00,3.3803,-59.7968,82.4,78,40,13.8
414,Parabel,RU,2021-02-24 16:26:00,58.6978,81.4825,-13.05,90,88,12.15
415,Beringovskiy,RU,2021-02-24 16:26:00,63.05,179.3167,-9.31,88,100,16.93
416,Cedar Falls,US,2021-02-24 16:22:31,42.5278,-92.4455,36.0,80,90,24.16
417,Bathsheba,BB,2021-02-24 16:26:00,13.2167,-59.5167,77.0,73,75,31.07
418,Chapadinha,BR,2021-02-24 16:26:00,-3.7417,-43.3603,89.38,54,14,5.73
419,Sao Felix Do Xingu,BR,2021-02-24 16:26:01,-6.6447,-51.995,81.84,83,67,4.09
420,Shebunino,RU,2021-02-24 16:26:01,46.4339,141.8603,16.93,92,96,11.27
421,Dhemaji,IN,2021-02-24 16:26:01,27.4833,94.5833,69.8,88,75,4.03
422,Songjianghe,CN,2021-02-24 16:26:02,42.1859,127.479,14.94,90,100,5.68
423,Tiznit,MA,2021-02-24 16:26:02,29.5833,-9.5,68.67,28,0,11.9
424,Bolu,TR,2021-02-24 16:22:13,40.6667,31.5833,35.04,94,41,4.56
425,Brae,GB,2021-02-24 16:26:02,60.3964,-1.353,48.2,81,40,19.57
426,Tazovskiy,RU,2021-02-24 16:26:02,67.4667,78.7,-27.38,97,21,5.06
427,High Rock,BS,2021-02-24 16:26:03,26.6208,-78.2833,72.86,76,79,13.0
428,Koundara,GN,2021-02-24 16:26:03,12.4833,-13.3,103.8,6,0,6.44
429,Atherton,GB,2021-02-24 16:26:03,53.5237,-2.4935,57.0,72,100,5.99
430,Gilbues,BR,2021-02-24 16:26:03,-9.8317,-45.3439,85.28,58,14,5.82
431,Diamantina,BR,2021-02-24 16:26:03,-18.2494,-43.6003,75.74,68,24,2.46
432,Lima,PE,2021-02-24 16:23:11,-12.0432,-77.0282,73.99,73,0,6.91
433,San Quintin,MX,2021-02-24 16:26:03,30.4833,-115.95,59.11,67,77,6.42
434,Annau,TM,2021-02-24 16:26:04,37.8876,58.516,24.8,58,90,11.5
435,Usinsk,RU,2021-02-24 16:26:04,65.9939,57.5281,-12.19,90,0,4.92
436,Neiafu,TO,2021-02-24 16:26:04,-18.65,-173.9833,75.2,94,40,17.49
437,Port Dover,CA,2021-02-24 16:26:04,42.7834,-80.1997,44.6,53,93,10.36
438,Takoradi,GH,2021-02-24 16:26:04,4.8845,-1.7554,83.71,70,79,11.16
439,Broken Hill,AU,2021-02-24 16:26:04,-31.95,141.4333,55.4,33,20,6.91
440,Campo Maior,BR,2021-02-24 16:26:05,-4.8278,-42.1686,86.11,66,76,4.36
441,Alegrete,BR,2021-02-24 16:26:05,-29.7831,-55.7919,85.21,40,0,6.8
442,Constitucion,CL,2021-02-24 16:26:05,-35.3333,-72.4167,70.29,52,0,8.3
443,Bantou,CN,2021-02-24 16:26:05,26.2151,117.4893,63.09,80,25,3.4
444,Aksu,CN,2021-02-24 16:26:06,41.1231,80.2644,40.05,67,66,2.44
445,Loreto,MX,2021-02-24 16:26:06,22.2667,-101.9667,68.36,25,7,2.77
446,Veraval,IN,2021-02-24 16:26:06,20.9,70.3667,75.07,62,0,9.57
447,Bocana De Paiwas,NI,2021-02-24 16:26:06,12.7857,-85.1227,75.56,77,90,13.6
448,Roxas,PH,2021-02-24 16:26:07,11.5853,122.7511,78.03,86,0,10.18
449,Talnakh,RU,2021-02-24 16:26:07,69.4865,88.3972,-29.34,82,98,5.55
450,Iskateley,RU,2021-02-24 16:21:14,67.6803,53.1512,-0.31,91,100,14.18
451,Semnan,IR,2021-02-24 16:26:07,35.5729,53.3971,38.71,64,36,11.45
452,Burns Lake,CA,2021-02-24 16:26:08,54.2331,-125.7533,-2.2,78,100,2.3
453,Klaksvik,FO,2021-02-24 16:22:13,62.2266,-6.589,46.4,93,20,20.71
454,Nizhnevartovsk,RU,2021-02-24 16:23:19,60.9344,76.5531,-22.0,76,0,11.18
455,Khandyga,RU,2021-02-24 16:26:08,62.6667,135.6,-24.65,86,96,0.67
456,Isabela,PH,2021-02-24 16:26:08,6.7085,121.9711,78.8,83,20,3.44
457,Mago,RU,2021-02-24 16:26:08,53.2514,140.1822,-0.98,97,100,5.21
458,Mezen,RU,2021-02-24 16:26:09,65.8522,44.24,8.19,94,100,8.43
459,Camapua,BR,2021-02-24 16:26:09,-19.5314,-54.0439,89.65,52,25,5.06
460,Smithers,CA,2021-02-24 16:22:51,54.7804,-127.1743,10.4,92,20,2.3
461,Kudahuvadhoo,MV,2021-02-24 16:26:09,2.6708,72.8944,82.49,75,100,14.16
462,Ust-Maya,RU,2021-02-24 16:26:09,60.4167,134.5333,-25.13,86,82,0.16
463,Conyers,US,2021-02-24 16:26:09,33.6676,-84.0177,66.99,29,1,5.75
464,Ketchikan,US,2021-02-24 16:26:10,55.3422,-131.6461,37.4,100,90,5.75
465,Havelock,US,2021-02-24 16:26:10,34.8791,-76.9013,64.4,36,40,13.8
466,Afrikanda,RU,2021-02-24 16:26:10,67.4429,32.7828,10.0,94,100,7.0
467,Haverfordwest,GB,2021-02-24 16:26:10,51.8017,-4.9691,52.0,89,100,17.0
468,Semporna,MY,2021-02-24 16:26:11,4.4818,118.6112,75.2,100,40,1.14
469,Krasnoselkup,RU,2021-02-24 16:26:11,65.7,82.4667,-33.75,84,0,2.51
470,Vanderhoof,CA,2021-02-24 16:26:11,54.0166,-124.0198,12.63,93,66,0.96
471,Ambon,ID,2021-02-24 16:26:11,-3.6954,128.1814,75.2,94,40,3.44
472,Campeche,MX,2021-02-24 16:25:40,19.0,-90.5,82.45,58,21,4.79
473,Namwala,ZM,2021-02-24 16:26:11,-15.7504,26.4384,73.36,92,92,4.7
474,Eureka,US,2021-02-24 16:23:30,40.8021,-124.1637,42.01,93,6,9.04
475,Banda Aceh,ID,2021-02-24 16:26:12,5.5577,95.3222,78.75,78,42,2.98
476,Nador,MA,2021-02-24 16:21:55,35.174,-2.9287,60.8,77,40,9.22
477,Ulverstone,AU,2021-02-24 16:26:12,-41.15,146.1667,55.0,79,100,4.0
478,Chililabombwe,ZM,2021-02-24 16:26:12,-12.3648,27.8229,67.1,93,100,5.14
479,Evensk,RU,2021-02-24 16:26:12,61.95,159.2333,-8.05,80,10,10.87
480,Oranjestad,AW,2021-02-24 16:26:12,12.524,-70.027,80.6,78,75,19.57
481,Diffa,NE,2021-02-24 16:26:12,13.3154,12.6113,85.66,13,0,13.42
482,Guia De Isora,ES,2021-02-24 16:26:13,28.2115,-16.7795,73.0,56,20,27.63
483,Mahajanga,MG,2021-02-24 16:26:13,-15.7167,46.3167,80.6,83,40,5.75
484,Westport,US,2021-02-24 16:25:50,41.1415,-73.3579,46.4,65,1,12.66
485,Palmerston,AU,2021-02-24 16:26:13,-12.486,130.9833,77.0,94,90,5.75
486,Aripuana,BR,2021-02-24 16:26:13,-9.1667,-60.6333,83.98,86,100,0.85
487,Inhambane,MZ,2021-02-24 16:26:13,-23.865,35.3833,82.4,69,20,6.91
488,Suleya,RU,2021-02-24 16:26:14,55.1352,58.8792,-6.18,89,100,8.59
489,Bonthe,SL,2021-02-24 16:26:14,7.5264,-12.505,86.54,61,31,10.25
490,Kawhia,NZ,2021-02-24 16:26:14,-38.0651,174.8183,60.15,88,99,4.45
491,Mapiripan,CO,2021-02-24 16:26:14,2.8892,-72.1256,85.03,62,98,11.56
492,Giyani,ZA,2021-02-24 16:26:14,-23.3025,30.7187,82.45,52,0,5.48
493,San Policarpo,PH,2021-02-24 16:26:14,12.1791,125.5072,79.39,80,7,8.57
494,Pangody,RU,2021-02-24 16:26:15,65.85,74.4859,-17.77,89,100,3.15
495,Severo-Yeniseyskiy,RU,2021-02-24 16:26:15,60.3725,93.0408,-21.17,88,44,2.95
496,La Baule-Escoublac,FR,2021-02-24 16:26:15,47.2922,-2.364,59.0,72,0,14.97
497,The Pas,CA,2021-02-24 16:26:16,53.8251,-101.2541,8.6,78,90,4.61
498,Batagay-Alyta,RU,2021-02-24 16:26:16,67.8006,130.4114,-19.34,81,100,1.1
499,Yichang,CN,2021-02-24 16:26:16,30.7144,111.2847,46.99,88,99,1.99
500,Pokosnoye,RU,2021-02-24 16:26:16,55.5258,101.0536,-9.17,90,62,4.45
501,Nabire,ID,2021-02-24 16:26:16,-3.3667,135.4833,75.83,91,100,3.0
502,Gatton,AU,2021-02-24 16:26:17,-27.55,152.2833,72.0,94,90,4.61
503,Ballina,AU,2021-02-24 16:26:17,-28.8667,153.5667,73.4,83,40,9.22
504,Kokoda,PG,2021-02-24 16:26:17,-8.8785,147.7407,74.68,72,100,1.59
505,Tual,ID,2021-02-24 16:26:17,-5.6667,132.75,83.19,79,100,14.23
506,Saurimo,AO,2021-02-24 16:26:17,-9.6608,20.3916,82.4,61,40,5.19
507,Amapa,BR,2021-02-24 16:26:18,1.0,-52.0,84.13,75,55,3.96
508,Buluang,PH,2021-02-24 16:26:18,13.3068,123.3425,73.24,93,4,3.94
509,Mayumba,GA,2021-02-24 16:26:18,-3.432,10.6554,82.85,78,95,7.49
510,Goldsboro,US,2021-02-24 16:26:18,35.3849,-77.9928,64.99,29,1,6.91
511,Hakkari,TR,2021-02-24 16:26:18,37.5833,44.1667,19.8,88,5,6.26
512,Tura,IN,2021-02-24 16:26:18,25.5198,90.2201,67.51,31,0,2.26
513,Joshimath,IN,2021-02-24 16:26:19,30.5667,79.5667,48.42,45,50,4.85
514,Pietarsaari,FI,2021-02-24 16:26:19,63.65,22.6833,33.01,100,90,11.5
515,Rawson,AR,2021-02-24 16:26:19,-43.3002,-65.1023,82.81,24,0,5.53
516,Syzran,RU,2021-02-24 16:26:19,53.1585,48.4681,-11.13,86,0,7.9
517,Mazagao,BR,2021-02-24 16:26:20,-0.115,-51.2894,87.8,70,40,11.5
518,Siilinjarvi,FI,2021-02-24 16:26:20,63.0833,27.6667,17.6,86,90,8.05
519,Owerri,NG,2021-02-24 16:23:24,5.4833,7.0304,93.2,43,97,4.61
520,Desna,UA,2021-02-24 16:26:20,50.9273,30.7605,39.0,87,100,4.47
521,Port-Gentil,GA,2021-02-24 16:26:20,-0.7193,8.7815,82.4,78,40,10.36
522,Urechesti,RO,2021-02-24 16:26:20,45.6,27.0667,47.03,70,34,2.95
523,Quatre Cocos,MU,2021-02-24 16:26:20,-20.2078,57.7625,78.8,73,75,6.91
524,Sao Gabriel Da Cachoeira,BR,2021-02-24 16:26:20,-0.1303,-67.0892,84.2,74,75,3.44
525,Champerico,GT,2021-02-24 16:26:21,14.3,-91.9167,86.0,58,0,9.22
526,Muroto,JP,2021-02-24 16:26:21,33.2833,134.15,46.58,69,36,18.57
527,Varkaus,FI,2021-02-24 16:26:21,62.3153,27.873,17.6,93,90,12.66
528,Camana,PE,2021-02-24 16:26:21,-16.6228,-72.7111,75.31,70,90,10.54
529,Ust-Kuyga,RU,2021-02-24 16:26:21,70.0167,135.6,-32.19,79,65,1.81
530,Urucurituba,BR,2021-02-24 16:26:21,-2.6833,-57.6667,90.37,55,36,5.79
531,Manakara,MG,2021-02-24 16:26:22,-22.1333,48.0167,78.82,82,0,7.49
532,Bentiu,SS,2021-02-24 16:26:22,9.2333,29.8333,91.69,12,0,5.26
533,Kerman,IR,2021-02-24 16:26:22,30.2832,57.0788,60.8,25,40,9.22
534,Kurilsk,RU,2021-02-24 16:26:22,45.2333,147.8833,18.39,72,100,23.98
535,Taunggyi,MM,2021-02-24 16:26:22,20.7833,97.0333,58.96,40,6,4.41
536,Cayeli,TR,2021-02-24 16:26:22,41.0923,40.7292,45.1,89,100,4.61
537,Puerto Del Rosario,ES,2021-02-24 16:26:18,28.5004,-13.8627,69.8,73,20,13.8
538,That Phanom,TH,2021-02-24 16:26:23,16.9364,104.7104,79.36,35,60,3.15
539,Portland,US,2021-02-24 16:25:05,45.5234,-122.6762,37.4,93,75,1.41
540,Ghugus,IN,2021-02-24 16:26:23,19.9333,79.1333,80.53,16,0,3.6
541,Cayenne,GF,2021-02-24 16:25:02,4.9333,-52.3333,84.2,74,90,16.11
542,Maues,BR,2021-02-24 16:26:23,-3.3836,-57.7186,86.43,68,33,4.25
543,Kollam,IN,2021-02-24 16:22:25,8.8833,76.6,86.0,66,40,2.55
